customer_id,customer_name,segment,country
AA-10315,"Alex Avila",CONSUMER,"UNITED STATES"
AA-10375,"Allen Armold",CONSUMER,"UNITED STATES"
AA-10480,"Andrew Allen",CONSUMER,"UNITED STATES"
AA-10645,"Anna Andreadi",CONSUMER,"UNITED STATES"
AB-10015,"Aaron Bergman",CONSUMER,"UNITED STATES"
AB-10060,"Adam Bellavance","HOME OFFICE","UNITED STATES"
AB-10105,"Adrian Barton",CONSUMER,"UNITED STATES"
AB-10150,"Aimee Bixby",CONSUMER,"UNITED STATES"
AB-10165,"Alan Barnes",CONSUMER,"UNITED STATES"
AB-10255,"Alejandro Ballentine","HOME OFFICE","UNITED STATES"
AB-10600,"Ann Blume",CORPORATE,"UNITED STATES"
AC-10420,"Alyssa Crouse",CORPORATE,"UNITED STATES"
AC-10450,"Amy Cox",CONSUMER,"UNITED STATES"
AC-10615,"Ann Chong",CORPORATE,"UNITED STATES"
AC-10660,"Anna Chung",CONSUMER,"UNITED STATES"
AD-10180,"Alan Dominguez","HOME OFFICE","UNITED STATES"
AF-10870,"Art Ferguson",CONSUMER,"UNITED STATES"
AF-10885,"Art Foster",CONSUMER,"UNITED STATES"
AG-10270,"Alejandro Grove",CONSUMER,"UNITED STATES"
AG-10300,"Aleksandra Gannaway",CORPORATE,"UNITED STATES"
AG-10330,"Alex Grayson",CONSUMER,"UNITED STATES"
AG-10390,"Allen Goldenen",CONSUMER,"UNITED STATES"
AG-10495,"Andrew Gjertsen",CORPORATE,"UNITED STATES"
AG-10525,"Andy Gerbode",CORPORATE,"UNITED STATES"
AG-10675,"Anna Gayman",CONSUMER,"UNITED STATES"
AG-10765,"Anthony Garverick","HOME OFFICE","UNITED STATES"
AG-10900,"Arthur Gainer",CONSUMER,"UNITED STATES"
AH-10030,"Aaron Hawkins",CORPORATE,"UNITED STATES"
AH-10075,"Adam Hart",CORPORATE,"UNITED STATES"
AH-10120,"Adrian Hane","HOME OFFICE","UNITED STATES"
AH-10195,"Alan Haines",CORPORATE,"UNITED STATES"
AH-10210,"Alan Hwang",CONSUMER,"UNITED STATES"
AH-10465,"Amy Hunt",CONSUMER,"UNITED STATES"
AH-10585,"Angele Hood",CONSUMER,"UNITED STATES"
AH-10690,"Anna Häberlin",CORPORATE,"UNITED STATES"
AI-10855,"Arianne Irving",CONSUMER,"UNITED STATES"
AJ-10780,"Anthony Jacobs",CORPORATE,"UNITED STATES"
AJ-10795,"Anthony Johnson",CORPORATE,"UNITED STATES"
AJ-10945,"Ashley Jarboe",CONSUMER,"UNITED STATES"
AJ-10960,"Astrea Jones",CONSUMER,"UNITED STATES"
AM-10360,"Alice McCarthy",CORPORATE,"UNITED STATES"
AM-10705,"Anne McFarland",CONSUMER,"UNITED STATES"
AO-10810,"Anthony O'Donnell",CORPORATE,"UNITED STATES"
AP-10720,"Anne Pryor","HOME OFFICE","UNITED STATES"
AP-10915,"Arthur Prichep",CONSUMER,"UNITED STATES"
AR-10345,"Alex Russell",CORPORATE,"UNITED STATES"
AR-10405,"Allen Rosenblatt",CORPORATE,"UNITED STATES"
AR-10510,"Andrew Roberts",CONSUMER,"UNITED STATES"
AR-10540,"Andy Reiter",CONSUMER,"UNITED STATES"
AR-10570,"Anemone Ratner",CONSUMER,"UNITED STATES"
AR-10825,"Anthony Rawles",CORPORATE,"UNITED STATES"
AS-10045,"Aaron Smayling",CORPORATE,"UNITED STATES"
AS-10090,"Adam Shillingsburg",CONSUMER,"UNITED STATES"
AS-10135,"Adrian Shami","HOME OFFICE","UNITED STATES"
AS-10225,"Alan Schoenberger",CORPORATE,"UNITED STATES"
AS-10240,"Alan Shonely",CONSUMER,"UNITED STATES"
AS-10285,"Alejandro Savely",CORPORATE,"UNITED STATES"
AS-10630,"Ann Steele","HOME OFFICE","UNITED STATES"
AT-10435,"Alyssa Tate","HOME OFFICE","UNITED STATES"
AT-10735,"Annie Thurman",CONSUMER,"UNITED STATES"
AW-10840,"Anthony Witt",CONSUMER,"UNITED STATES"
AW-10930,"Arthur Wiediger","HOME OFFICE","UNITED STATES"
AY-10555,"Andy Yotov",CORPORATE,"UNITED STATES"
AZ-10750,"Annie Zypern",CONSUMER,"UNITED STATES"
BB-10990,"Barry Blumstein",CORPORATE,"UNITED STATES"
BB-11545,"Brenda Bowman",CORPORATE,"UNITED STATES"
BC-11125,"Becky Castell","HOME OFFICE","UNITED STATES"
BD-11320,"Bill Donatelli",CONSUMER,"UNITED STATES"
BD-11500,"Bradley Drucker",CONSUMER,"UNITED STATES"
BD-11560,"Brendan Dodson","HOME OFFICE","UNITED STATES"
BD-11605,"Brian Dahlen",CONSUMER,"UNITED STATES"
BD-11620,"Brian DeCherney",CONSUMER,"UNITED STATES"
BD-11635,"Brian Derr",CONSUMER,"UNITED STATES"
BD-11725,"Bruce Degenhardt",CONSUMER,"UNITED STATES"
BD-11770,"Bryan Davis",CONSUMER,"UNITED STATES"
BE-11335,"Bill Eplett","HOME OFFICE","UNITED STATES"
BE-11410,"Bobby Elias",CONSUMER,"UNITED STATES"
BE-11455,"Brad Eason","HOME OFFICE","UNITED STATES"
BF-10975,"Barbara Fisher",CORPORATE,"UNITED STATES"
BF-11005,"Barry Franz","HOME OFFICE","UNITED STATES"
BF-11020,"Barry Französisch",CORPORATE,"UNITED STATES"
BF-11080,"Bart Folk",CONSUMER,"UNITED STATES"
BF-11170,"Ben Ferrer","HOME OFFICE","UNITED STATES"
BF-11215,"Benjamin Farhat","HOME OFFICE","UNITED STATES"
BF-11275,"Beth Fritzler",CORPORATE,"UNITED STATES"
BG-11035,"Barry Gonzalez",CONSUMER,"UNITED STATES"
BG-11695,"Brooke Gillingham",CORPORATE,"UNITED STATES"
BG-11740,"Bruce Geld",CONSUMER,"UNITED STATES"
BH-11710,"Brosina Hoffman",CONSUMER,"UNITED STATES"
BK-11260,"Berenike Kampe",CONSUMER,"UNITED STATES"
BM-11140,"Becky Martin",CONSUMER,"UNITED STATES"
BM-11575,"Brendan Murry",CORPORATE,"UNITED STATES"
BM-11650,"Brian Moss",CORPORATE,"UNITED STATES"
BM-11785,"Bryan Mills",CONSUMER,"UNITED STATES"
BN-11470,"Brad Norvell",CORPORATE,"UNITED STATES"
BN-11515,"Bradley Nguyen",CONSUMER,"UNITED STATES"
BO-11350,"Bill Overfelt",CORPORATE,"UNITED STATES"
BO-11425,"Bobby Odegard",CONSUMER,"UNITED STATES"
BP-11050,"Barry Pond",CORPORATE,"UNITED STATES"
BP-11095,"Bart Pistole",CORPORATE,"UNITED STATES"
BP-11155,"Becky Pak",CONSUMER,"UNITED STATES"
BP-11185,"Ben Peterman",CORPORATE,"UNITED STATES"
BP-11230,"Benjamin Patterson",CONSUMER,"UNITED STATES"
BP-11290,"Beth Paige",CONSUMER,"UNITED STATES"
BS-11365,"Bill Shonely",CORPORATE,"UNITED STATES"
BS-11380,"Bill Stewart",CORPORATE,"UNITED STATES"
BS-11590,"Brendan Sweed",CORPORATE,"UNITED STATES"
BS-11665,"Brian Stugart",CONSUMER,"UNITED STATES"
BS-11755,"Bruce Stewart",CONSUMER,"UNITED STATES"
BS-11800,"Bryan Spruell","HOME OFFICE","UNITED STATES"
BT-11305,"Beth Thompson","HOME OFFICE","UNITED STATES"
BT-11395,"Bill Tyler",CORPORATE,"UNITED STATES"
BT-11440,"Bobby Trafton",CONSUMER,"UNITED STATES"
BT-11485,"Brad Thomas","HOME OFFICE","UNITED STATES"
BT-11530,"Bradley Talbott","HOME OFFICE","UNITED STATES"
BT-11680,"Brian Thompson",CONSUMER,"UNITED STATES"
BV-11245,"Benjamin Venier",CORPORATE,"UNITED STATES"
BW-11065,"Barry Weirich",CONSUMER,"UNITED STATES"
BW-11110,"Bart Watters",CORPORATE,"UNITED STATES"
BW-11200,"Ben Wallace",CONSUMER,"UNITED STATES"
CA-11965,"Carol Adams",CORPORATE,"UNITED STATES"
CA-12055,"Cathy Armstrong","HOME OFFICE","UNITED STATES"
CA-12265,"Christina Anderson",CONSUMER,"UNITED STATES"
CA-12310,"Christine Abelman",CORPORATE,"UNITED STATES"
CA-12775,"Cynthia Arntzen",CONSUMER,"UNITED STATES"
CB-12025,"Cassandra Brandow",CONSUMER,"UNITED STATES"
CB-12415,"Christy Brittain",CONSUMER,"UNITED STATES"
CB-12535,"Claudia Bergmann",CORPORATE,"UNITED STATES"
CC-12100,"Chad Cunningham","HOME OFFICE","UNITED STATES"
CC-12145,"Charles Crestani",CONSUMER,"UNITED STATES"
CC-12220,"Chris Cortes",CONSUMER,"UNITED STATES"
CC-12370,"Christopher Conant",CONSUMER,"UNITED STATES"
CC-12430,"Chuck Clark","HOME OFFICE","UNITED STATES"
CC-12475,"Cindy Chapman",CONSUMER,"UNITED STATES"
CC-12550,"Clay Cheatham",CONSUMER,"UNITED STATES"
CC-12610,"Corey Catlett",CORPORATE,"UNITED STATES"
CC-12670,"Craig Carreira",CONSUMER,"UNITED STATES"
CC-12685,"Craig Carroll",CONSUMER,"UNITED STATES"
CD-11920,"Carlos Daly",CONSUMER,"UNITED STATES"
CD-11980,"Carol Darley",CONSUMER,"UNITED STATES"
CD-12280,"Christina DeMoss",CONSUMER,"UNITED STATES"
CD-12790,"Cynthia Delaney","HOME OFFICE","UNITED STATES"
CG-12040,"Catherine Glotzbach","HOME OFFICE","UNITED STATES"
CG-12520,"Claire Gute",CONSUMER,"UNITED STATES"
CH-12070,"Cathy Hwang","HOME OFFICE","UNITED STATES"
CJ-11875,"Carl Jackson",CORPORATE,"UNITED STATES"
CJ-12010,"Caroline Jumper",CONSUMER,"UNITED STATES"
CK-12205,"Chloris Kastensmidt",CONSUMER,"UNITED STATES"
CK-12325,"Christine Kargatis","HOME OFFICE","UNITED STATES"
CK-12595,"Clytie Kelty",CONSUMER,"UNITED STATES"
CK-12760,"Cyma Kinney",CORPORATE,"UNITED STATES"
CL-11890,"Carl Ludwig",CONSUMER,"UNITED STATES"
CL-12565,"Clay Ludtke",CONSUMER,"UNITED STATES"
CL-12700,"Craig Leslie","HOME OFFICE","UNITED STATES"
CM-11815,"Candace McMahon",CORPORATE,"UNITED STATES"
CM-11935,"Carlos Meador",CONSUMER,"UNITED STATES"
CM-12115,"Chad McGuire",CONSUMER,"UNITED STATES"
CM-12160,"Charles McCrossin",CONSUMER,"UNITED STATES"
CM-12190,"Charlotte Melton",CONSUMER,"UNITED STATES"
CM-12235,"Chris McAfee",CONSUMER,"UNITED STATES"
CM-12385,"Christopher Martinez",CONSUMER,"UNITED STATES"
CM-12445,"Chuck Magee",CONSUMER,"UNITED STATES"
CM-12655,"Corinna Mitchell","HOME OFFICE","UNITED STATES"
CM-12715,"Craig Molinari",CORPORATE,"UNITED STATES"
Co-12640,Corey-Lock,CONSUMER,"UNITED STATES"
CP-12085,"Cathy Prescott",CORPORATE,"UNITED STATES"
CP-12340,"Christine Phan",CORPORATE,"UNITED STATES"
CR-12580,"Clay Rozendal","HOME OFFICE","UNITED STATES"
CR-12625,"Corey Roper","HOME OFFICE","UNITED STATES"
CR-12730,"Craig Reiter",CONSUMER,"UNITED STATES"
CR-12820,"Cyra Reiten","HOME OFFICE","UNITED STATES"
CS-11845,"Cari Sayre",CORPORATE,"UNITED STATES"
CS-11860,"Cari Schnelling",CONSUMER,"UNITED STATES"
CS-11950,"Carlos Soltero",CONSUMER,"UNITED STATES"
CS-12130,"Chad Sievert",CONSUMER,"UNITED STATES"
CS-12175,"Charles Sheldon",CORPORATE,"UNITED STATES"
CS-12250,"Chris Selesnick",CORPORATE,"UNITED STATES"
CS-12355,"Christine Sundaresam",CONSUMER,"UNITED STATES"
CS-12400,"Christopher Schild","HOME OFFICE","UNITED STATES"
CS-12460,"Chuck Sachs",CONSUMER,"UNITED STATES"
CS-12490,"Cindy Schnelling",CORPORATE,"UNITED STATES"
CS-12505,"Cindy Stewart",CONSUMER,"UNITED STATES"
CT-11995,"Carol Triggs",CONSUMER,"UNITED STATES"
CV-12295,"Christina VanderZanden",CONSUMER,"UNITED STATES"
CV-12805,"Cynthia Voltz",CORPORATE,"UNITED STATES"
CW-11905,"Carl Weiss","HOME OFFICE","UNITED STATES"
CY-12745,"Craig Yedwab",CORPORATE,"UNITED STATES"
DA-13450,"Dianna Arnett","HOME OFFICE","UNITED STATES"
DB-12910,"Daniel Byrd","HOME OFFICE","UNITED STATES"
DB-12970,"Darren Budd",CORPORATE,"UNITED STATES"
DB-13060,"Dave Brooks",CONSUMER,"UNITED STATES"
DB-13120,"David Bremer",CORPORATE,"UNITED STATES"
DB-13210,"Dean Braden",CONSUMER,"UNITED STATES"
DB-13270,"Deborah Brumfield","HOME OFFICE","UNITED STATES"
DB-13360,"Dennis Bolton","HOME OFFICE","UNITED STATES"
DB-13405,"Denny Blanton",CONSUMER,"UNITED STATES"
DB-13555,"Dorothy Badders",CORPORATE,"UNITED STATES"
DB-13615,"Doug Bickford",CONSUMER,"UNITED STATES"
DB-13660,"Duane Benoit",CONSUMER,"UNITED STATES"
DC-12850,"Dan Campbell",CONSUMER,"UNITED STATES"
DC-13285,"Debra Catini",CONSUMER,"UNITED STATES"
DD-13570,"Dorothy Dickinson",CONSUMER,"UNITED STATES"
DE-13255,"Deanra Eno","HOME OFFICE","UNITED STATES"
DF-13135,"David Flashing",CONSUMER,"UNITED STATES"
DG-13300,"Deirdre Greer",CORPORATE,"UNITED STATES"
DH-13075,"Dave Hallsten",CORPORATE,"UNITED STATES"
DH-13675,"Duane Huffman","HOME OFFICE","UNITED STATES"
DJ-13420,"Denny Joy",CORPORATE,"UNITED STATES"
DJ-13510,"Don Jones",CORPORATE,"UNITED STATES"
DJ-13630,"Doug Jacobs",CONSUMER,"UNITED STATES"
DK-12835,"Damala Kotsonis",CORPORATE,"UNITED STATES"
DK-12895,"Dana Kaydos",CONSUMER,"UNITED STATES"
DK-12985,"Darren Koutras",CONSUMER,"UNITED STATES"
DK-13090,"Dave Kipp",CONSUMER,"UNITED STATES"
DK-13150,"David Kendrick",CORPORATE,"UNITED STATES"
DK-13225,"Dean Katz",CORPORATE,"UNITED STATES"
DK-13375,"Dennis Kane",CONSUMER,"UNITED STATES"
DL-12865,"Dan Lawera",CONSUMER,"UNITED STATES"
DL-12925,"Daniel Lacy",CONSUMER,"UNITED STATES"
DL-13315,"Delfina Latchford",CONSUMER,"UNITED STATES"
DL-13330,"Denise Leinenbach",CONSUMER,"UNITED STATES"
DL-13495,"Dionis Lloyd",CORPORATE,"UNITED STATES"
Dl-13600,"Dorris liebe",CORPORATE,"UNITED STATES"
DM-12955,"Dario Medina",CORPORATE,"UNITED STATES"
DM-13015,"Darrin Martin",CONSUMER,"UNITED STATES"
DM-13345,"Denise Monton",CORPORATE,"UNITED STATES"
DM-13525,"Don Miller",CORPORATE,"UNITED STATES"
DN-13690,"Duane Noonan",CONSUMER,"UNITED STATES"
DO-13435,"Denny Ordway",CONSUMER,"UNITED STATES"
DO-13645,"Doug O'Connell",CONSUMER,"UNITED STATES"
DP-13000,"Darren Powers",CONSUMER,"UNITED STATES"
DP-13105,"Dave Poirier",CORPORATE,"UNITED STATES"
DP-13165,"David Philippe",CONSUMER,"UNITED STATES"
Dp-13240,"Dean percer","HOME OFFICE","UNITED STATES"
DP-13390,"Dennis Pardue","HOME OFFICE","UNITED STATES"
DR-12880,"Dan Reichenbach",CORPORATE,"UNITED STATES"
DR-12940,"Daniel Raglin","HOME OFFICE","UNITED STATES"
DS-13030,"Darrin Sayre","HOME OFFICE","UNITED STATES"
DS-13180,"David Smith",CORPORATE,"UNITED STATES"
DV-13045,"Darrin Van Huff",CORPORATE,"UNITED STATES"
DV-13465,"Dianna Vittorini",CONSUMER,"UNITED STATES"
DW-13195,"David Wiener",CORPORATE,"UNITED STATES"
DW-13480,"Dianna Wilson","HOME OFFICE","UNITED STATES"
DW-13540,"Don Weiss",CONSUMER,"UNITED STATES"
DW-13585,"Dorothy Wardle",CORPORATE,"UNITED STATES"
EA-14035,"Erin Ashbrook",CORPORATE,"UNITED STATES"
EB-13705,"Ed Braxton",CORPORATE,"UNITED STATES"
EB-13750,"Edward Becker",CORPORATE,"UNITED STATES"
EB-13840,"Ellis Ballard",CORPORATE,"UNITED STATES"
EB-13870,"Emily Burns",CONSUMER,"UNITED STATES"
EB-13930,"Eric Barreto",CONSUMER,"UNITED STATES"
EB-13975,"Erica Bern",CORPORATE,"UNITED STATES"
EB-14110,"Eugene Barchas",CONSUMER,"UNITED STATES"
EB-14170,"Evan Bailliet",CONSUMER,"UNITED STATES"
EC-14050,"Erin Creighton",CONSUMER,"UNITED STATES"
ED-13885,"Emily Ducich","HOME OFFICE","UNITED STATES"
EG-13900,"Emily Grady",CONSUMER,"UNITED STATES"
EH-13765,"Edward Hooks",CORPORATE,"UNITED STATES"
EH-13945,"Eric Hoffmann",CONSUMER,"UNITED STATES"
EH-13990,"Erica Hackney",CONSUMER,"UNITED STATES"
EH-14005,"Erica Hernandez","HOME OFFICE","UNITED STATES"
EH-14125,"Eugene Hildebrand","HOME OFFICE","UNITED STATES"
EH-14185,"Evan Henry",CONSUMER,"UNITED STATES"
EJ-13720,"Ed Jacobs",CONSUMER,"UNITED STATES"
EJ-14155,"Eva Jacobs",CONSUMER,"UNITED STATES"
EK-13795,"Eileen Kiefer","HOME OFFICE","UNITED STATES"
EL-13735,"Ed Ludwig","HOME OFFICE","UNITED STATES"
EM-13810,"Eleni McCrary",CORPORATE,"UNITED STATES"
EM-13825,"Elizabeth Moffitt",CORPORATE,"UNITED STATES"
EM-13960,"Eric Murdock",CONSUMER,"UNITED STATES"
EM-14065,"Erin Mull",CONSUMER,"UNITED STATES"
EM-14095,"Eudokia Martin",CORPORATE,"UNITED STATES"
EM-14140,"Eugene Moren","HOME OFFICE","UNITED STATES"
EM-14200,"Evan Minnotte","HOME OFFICE","UNITED STATES"
EN-13780,"Edward Nazzal",CONSUMER,"UNITED STATES"
EP-13915,"Emily Phan",CONSUMER,"UNITED STATES"
ER-13855,"Elpida Rittenbach",CORPORATE,"UNITED STATES"
ES-14020,"Erica Smith",CONSUMER,"UNITED STATES"
ES-14080,"Erin Smith",CORPORATE,"UNITED STATES"
FA-14230,"Frank Atkinson",CORPORATE,"UNITED STATES"
FC-14245,"Frank Carlisle","HOME OFFICE","UNITED STATES"
FC-14335,"Fred Chung",CORPORATE,"UNITED STATES"
FG-14260,"Frank Gastineau","HOME OFFICE","UNITED STATES"
FH-14275,"Frank Hawley",CORPORATE,"UNITED STATES"
FH-14350,"Fred Harton",CONSUMER,"UNITED STATES"
FH-14365,"Fred Hopkins",CORPORATE,"UNITED STATES"
FM-14215,"Filia McAdams",CORPORATE,"UNITED STATES"
FM-14290,"Frank Merwin","HOME OFFICE","UNITED STATES"
FM-14380,"Fred McMath",CONSUMER,"UNITED STATES"
FO-14305,"Frank Olsen",CONSUMER,"UNITED STATES"
FP-14320,"Frank Preis",CONSUMER,"UNITED STATES"
FW-14395,"Fred Wasserman",CORPORATE,"UNITED STATES"
GA-14515,"George Ashbrook",CONSUMER,"UNITED STATES"
GA-14725,"Guy Armstrong",CONSUMER,"UNITED STATES"
GB-14530,"George Bell",CORPORATE,"UNITED STATES"
GB-14575,"Giulietta Baptist",CONSUMER,"UNITED STATES"
GD-14590,"Giulietta Dortch",CORPORATE,"UNITED STATES"
GG-14650,"Greg Guthrie",CORPORATE,"UNITED STATES"
GH-14410,"Gary Hansen","HOME OFFICE","UNITED STATES"
GH-14425,"Gary Hwang",CONSUMER,"UNITED STATES"
GH-14485,"Gene Hale",CORPORATE,"UNITED STATES"
GH-14665,"Greg Hansen",CONSUMER,"UNITED STATES"
GK-14620,"Grace Kelly",CORPORATE,"UNITED STATES"
GM-14440,"Gary McGarr",CONSUMER,"UNITED STATES"
GM-14455,"Gary Mitchum","HOME OFFICE","UNITED STATES"
GM-14500,"Gene McClure",CONSUMER,"UNITED STATES"
GM-14680,"Greg Matthias",CONSUMER,"UNITED STATES"
GM-14695,"Greg Maxwell",CORPORATE,"UNITED STATES"
GP-14740,"Guy Phonely",CORPORATE,"UNITED STATES"
GR-14560,"Georgia Rosenberg",CORPORATE,"UNITED STATES"
GT-14635,"Grant Thornton",CORPORATE,"UNITED STATES"
GT-14710,"Greg Tran",CONSUMER,"UNITED STATES"
GT-14755,"Guy Thornton",CONSUMER,"UNITED STATES"
GW-14605,"Giulietta Weimer",CONSUMER,"UNITED STATES"
GZ-14470,"Gary Zandusky",CONSUMER,"UNITED STATES"
GZ-14545,"George Zrebassa",CORPORATE,"UNITED STATES"
HA-14905,"Helen Abelman",CONSUMER,"UNITED STATES"
HA-14920,"Helen Andreada",CONSUMER,"UNITED STATES"
HD-14785,"Harold Dahlen","HOME OFFICE","UNITED STATES"
HE-14800,"Harold Engle",CORPORATE,"UNITED STATES"
HF-14995,"Herbert Flentye",CONSUMER,"UNITED STATES"
HG-14845,"Harry Greene",CONSUMER,"UNITED STATES"
HG-14965,"Henry Goldwyn",CORPORATE,"UNITED STATES"
HG-15025,"Hunter Glantz",CONSUMER,"UNITED STATES"
HH-15010,"Hilary Holden",CORPORATE,"UNITED STATES"
HJ-14875,"Heather Jas","HOME OFFICE","UNITED STATES"
HK-14890,"Heather Kirkland",CORPORATE,"UNITED STATES"
HL-15040,"Hunter Lopez",CONSUMER,"UNITED STATES"
HM-14860,"Harry Marie",CORPORATE,"UNITED STATES"
HM-14980,"Henry MacAllister",CONSUMER,"UNITED STATES"
HP-14815,"Harold Pawlan","HOME OFFICE","UNITED STATES"
HR-14770,"Hallie Redmond","HOME OFFICE","UNITED STATES"
HR-14830,"Harold Ryan",CORPORATE,"UNITED STATES"
HW-14935,"Helen Wasserman",CORPORATE,"UNITED STATES"
HZ-14950,"Henia Zydlo",CONSUMER,"UNITED STATES"
IG-15085,"Ivan Gibson",CONSUMER,"UNITED STATES"
IL-15100,"Ivan Liston",CONSUMER,"UNITED STATES"
IM-15055,"Ionia McGrath",CONSUMER,"UNITED STATES"
IM-15070,"Irene Maddox",CONSUMER,"UNITED STATES"
JA-15970,"Joseph Airdo",CONSUMER,"UNITED STATES"
JB-15400,"Jennifer Braxton",CORPORATE,"UNITED STATES"
JB-15925,"Joni Blumstein",CONSUMER,"UNITED STATES"
JB-16000,"Joy Bell-",CONSUMER,"UNITED STATES"
JB-16045,"Julia Barnett","HOME OFFICE","UNITED STATES"
JC-15340,"Jasper Cacioppo",CONSUMER,"UNITED STATES"
JC-15385,"Jenna Caffey",CONSUMER,"UNITED STATES"
JC-15775,"John Castell",CONSUMER,"UNITED STATES"
JC-16105,"Julie Creighton",CORPORATE,"UNITED STATES"
JD-15790,"John Dryer",CONSUMER,"UNITED STATES"
JD-15895,"Jonathan Doherty",CORPORATE,"UNITED STATES"
JD-16015,"Joy Daniels",CONSUMER,"UNITED STATES"
JD-16060,"Julia Dunbar",CONSUMER,"UNITED STATES"
JD-16150,"Justin Deggeller",CORPORATE,"UNITED STATES"
JE-15475,"Jeremy Ellison",CONSUMER,"UNITED STATES"
JE-15610,"Jim Epp",CORPORATE,"UNITED STATES"
JE-15715,"Joe Elijah",CONSUMER,"UNITED STATES"
JE-15745,"Joel Eaton",CONSUMER,"UNITED STATES"
JE-16165,"Justin Ellison",CORPORATE,"UNITED STATES"
JF-15190,"Jamie Frazer",CONSUMER,"UNITED STATES"
JF-15295,"Jason Fortune-",CONSUMER,"UNITED STATES"
JF-15355,"Jay Fein",CONSUMER,"UNITED STATES"
JF-15415,"Jennifer Ferguson",CONSUMER,"UNITED STATES"
JF-15490,"Jeremy Farry",CONSUMER,"UNITED STATES"
JF-15565,"Jill Fjeld",CONSUMER,"UNITED STATES"
JG-15115,"Jack Garza",CONSUMER,"UNITED STATES"
JG-15160,"James Galang",CONSUMER,"UNITED STATES"
JG-15310,"Jason Gross",CORPORATE,"UNITED STATES"
JG-15805,"John Grady",CORPORATE,"UNITED STATES"
JH-15430,"Jennifer Halladay",CONSUMER,"UNITED STATES"
JH-15820,"John Huston",CONSUMER,"UNITED STATES"
JH-15910,"Jonathan Howell",CONSUMER,"UNITED STATES"
JH-15985,"Joseph Holt",CONSUMER,"UNITED STATES"
JH-16180,"Justin Hirsh",CONSUMER,"UNITED STATES"
JJ-15445,"Jennifer Jackson",CONSUMER,"UNITED STATES"
JJ-15760,"Joel Jenkins","HOME OFFICE","UNITED STATES"
JK-15205,"Jamie Kunitz",CONSUMER,"UNITED STATES"
JK-15325,"Jason Klamczynski",CORPORATE,"UNITED STATES"
JK-15370,"Jay Kimmel",CONSUMER,"UNITED STATES"
JK-15625,"Jim Karlsson",CONSUMER,"UNITED STATES"
JK-15640,"Jim Kriz","HOME OFFICE","UNITED STATES"
JK-15730,"Joe Kamberova",CONSUMER,"UNITED STATES"
JK-16090,"Juliana Krohn",CONSUMER,"UNITED STATES"
JK-16120,"Julie Kriz","HOME OFFICE","UNITED STATES"
JL-15130,"Jack Lebron",CONSUMER,"UNITED STATES"
JL-15175,"James Lanier","HOME OFFICE","UNITED STATES"
JL-15235,"Janet Lee",CONSUMER,"UNITED STATES"
JL-15505,"Jeremy Lonsdale",CONSUMER,"UNITED STATES"
JL-15835,"John Lee",CONSUMER,"UNITED STATES"
JL-15850,"John Lucas",CONSUMER,"UNITED STATES"
JM-15250,"Janet Martin",CONSUMER,"UNITED STATES"
JM-15265,"Janet Molinari",CORPORATE,"UNITED STATES"
JM-15535,"Jessica Myrick",CONSUMER,"UNITED STATES"
JM-15580,"Jill Matthias",CONSUMER,"UNITED STATES"
JM-15655,"Jim Mitchum",CORPORATE,"UNITED STATES"
JM-15865,"John Murray",CONSUMER,"UNITED STATES"
JM-16195,"Justin MacKendrick",CONSUMER,"UNITED STATES"
JO-15145,"Jack O'Briant",CORPORATE,"UNITED STATES"
JO-15280,"Jas O'Carroll",CONSUMER,"UNITED STATES"
JO-15550,"Jesus Ocampo","HOME OFFICE","UNITED STATES"
JP-15460,"Jennifer Patt",CORPORATE,"UNITED STATES"
JP-15520,"Jeremy Pistek",CONSUMER,"UNITED STATES"
JP-16135,"Julie Prescott","HOME OFFICE","UNITED STATES"
JR-15670,"Jim Radford",CONSUMER,"UNITED STATES"
JR-15700,"Jocasta Rupert",CONSUMER,"UNITED STATES"
JR-16210,"Justin Ritter",CORPORATE,"UNITED STATES"
JS-15595,"Jill Stevenson",CORPORATE,"UNITED STATES"
JS-15685,"Jim Sink",CORPORATE,"UNITED STATES"
JS-15880,"John Stevenson",CONSUMER,"UNITED STATES"
JS-15940,"Joni Sundaresam","HOME OFFICE","UNITED STATES"
JS-16030,"Joy Smith",CONSUMER,"UNITED STATES"
JW-15220,"Jane Waco",CORPORATE,"UNITED STATES"
JW-15955,"Joni Wasserman",CONSUMER,"UNITED STATES"
JW-16075,"Julia West",CONSUMER,"UNITED STATES"
KA-16525,"Kelly Andreada",CONSUMER,"UNITED STATES"
KB-16240,"Karen Bern",CORPORATE,"UNITED STATES"
KB-16315,"Karl Braun",CONSUMER,"UNITED STATES"
KB-16405,"Katrina Bavinger","HOME OFFICE","UNITED STATES"
KB-16585,"Ken Black",CORPORATE,"UNITED STATES"
KB-16600,"Ken Brennan",CORPORATE,"UNITED STATES"
KC-16255,"Karen Carlisle",CORPORATE,"UNITED STATES"
KC-16540,"Kelly Collister",CONSUMER,"UNITED STATES"
KC-16675,"Kimberly Carter",CORPORATE,"UNITED STATES"
KD-16270,"Karen Daniels",CONSUMER,"UNITED STATES"
KD-16345,"Katherine Ducich",CONSUMER,"UNITED STATES"
KD-16495,"Keith Dawkins",CORPORATE,"UNITED STATES"
KD-16615,"Ken Dana",CORPORATE,"UNITED STATES"
KE-16420,"Katrina Edelman",CORPORATE,"UNITED STATES"
KF-16285,"Karen Ferguson","HOME OFFICE","UNITED STATES"
KH-16330,"Katharine Harms",CORPORATE,"UNITED STATES"
KH-16360,"Katherine Hughes",CONSUMER,"UNITED STATES"
KH-16510,"Keith Herrera",CONSUMER,"UNITED STATES"
KH-16630,"Ken Heidel",CORPORATE,"UNITED STATES"
KH-16690,"Kristen Hastings",CORPORATE,"UNITED STATES"
KL-16555,"Kelly Lampkin",CORPORATE,"UNITED STATES"
KL-16645,"Ken Lonsdale",CONSUMER,"UNITED STATES"
KM-16225,"Kalyca Meade",CORPORATE,"UNITED STATES"
KM-16375,"Katherine Murray","HOME OFFICE","UNITED STATES"
KM-16660,"Khloe Miller",CONSUMER,"UNITED STATES"
KM-16720,"Kunst Miller",CONSUMER,"UNITED STATES"
KN-16390,"Katherine Nockton",CORPORATE,"UNITED STATES"
KN-16450,"Kean Nguyen",CORPORATE,"UNITED STATES"
KN-16705,"Kristina Nunn","HOME OFFICE","UNITED STATES"
KS-16300,"Karen Seio",CORPORATE,"UNITED STATES"
KT-16465,"Kean Takahito",CONSUMER,"UNITED STATES"
KT-16480,"Kean Thornton",CONSUMER,"UNITED STATES"
KW-16435,"Katrina Willman",CONSUMER,"UNITED STATES"
KW-16570,"Kelly Williams",CONSUMER,"UNITED STATES"
LA-16780,"Laura Armstrong",CORPORATE,"UNITED STATES"
LB-16735,"Larry Blacks",CONSUMER,"UNITED STATES"
LB-16795,"Laurel Beltran","HOME OFFICE","UNITED STATES"
LC-16870,"Lena Cacioppo",CONSUMER,"UNITED STATES"
LC-16885,"Lena Creighton",CONSUMER,"UNITED STATES"
LC-16930,"Linda Cazamias",CORPORATE,"UNITED STATES"
LC-16960,"Lindsay Castell","HOME OFFICE","UNITED STATES"
LC-17050,"Liz Carlisle",CONSUMER,"UNITED STATES"
LC-17140,"Logan Currie",CONSUMER,"UNITED STATES"
LD-16855,"Lela Donovan",CORPORATE,"UNITED STATES"
LD-17005,"Lisa DeCherney",CONSUMER,"UNITED STATES"
LE-16810,"Laurel Elliston",CONSUMER,"UNITED STATES"
LF-17185,"Luke Foster",CONSUMER,"UNITED STATES"
LH-16750,"Larry Hughes",CONSUMER,"UNITED STATES"
LH-16900,"Lena Hernandez",CONSUMER,"UNITED STATES"
LH-17020,"Lisa Hazard",CONSUMER,"UNITED STATES"
LH-17155,"Logan Haushalter",CONSUMER,"UNITED STATES"
LL-16840,"Lauren Leatherbury",CONSUMER,"UNITED STATES"
LM-17065,"Liz MacKendrick",CONSUMER,"UNITED STATES"
LO-17170,"Lori Olson",CORPORATE,"UNITED STATES"
LP-17080,"Liz Pelletier",CONSUMER,"UNITED STATES"
LP-17095,"Liz Preis",CONSUMER,"UNITED STATES"
LR-16915,"Lena Radford",CONSUMER,"UNITED STATES"
LR-17035,"Lisa Ryan",CORPORATE,"UNITED STATES"
LS-16945,"Linda Southworth",CORPORATE,"UNITED STATES"
LS-16975,"Lindsay Shagiari","HOME OFFICE","UNITED STATES"
LS-17200,"Luke Schmidt",CORPORATE,"UNITED STATES"
LS-17230,"Lycoris Saunders",CONSUMER,"UNITED STATES"
LS-17245,"Lynn Smith",CONSUMER,"UNITED STATES"
LT-16765,"Larry Tron",CONSUMER,"UNITED STATES"
LT-17110,"Liz Thompson",CONSUMER,"UNITED STATES"
LW-16825,"Laurel Workman",CORPORATE,"UNITED STATES"
LW-16990,"Lindsay Williams",CORPORATE,"UNITED STATES"
LW-17125,"Liz Willingham",CONSUMER,"UNITED STATES"
LW-17215,"Luke Weiss",CONSUMER,"UNITED STATES"
MA-17560,"Matt Abelman","HOME OFFICE","UNITED STATES"
MA-17995,"Michelle Arnett","HOME OFFICE","UNITED STATES"
MB-17305,"Maria Bertelson",CONSUMER,"UNITED STATES"
MB-18085,"Mick Brown",CONSUMER,"UNITED STATES"
MC-17275,"Marc Crier",CONSUMER,"UNITED STATES"
MC-17425,"Mark Cousins",CORPORATE,"UNITED STATES"
MC-17575,"Matt Collins",CONSUMER,"UNITED STATES"
MC-17590,"Matt Collister",CORPORATE,"UNITED STATES"
MC-17605,"Matt Connell",CORPORATE,"UNITED STATES"
MC-17635,"Matthew Clasen",CORPORATE,"UNITED STATES"
MC-17845,"Michael Chen",CONSUMER,"UNITED STATES"
MC-18100,"Mick Crebagga",CONSUMER,"UNITED STATES"
MC-18130,"Mike Caudle",CORPORATE,"UNITED STATES"
MD-17350,"Maribeth Dona",CONSUMER,"UNITED STATES"
MD-17860,"Michael Dominguez",CORPORATE,"UNITED STATES"
ME-17320,"Maria Etezadi","HOME OFFICE","UNITED STATES"
ME-17725,"Max Engle",CONSUMER,"UNITED STATES"
ME-18010,"Michelle Ellison",CORPORATE,"UNITED STATES"
MF-17665,"Maureen Fritzler",CORPORATE,"UNITED STATES"
MF-18250,"Monica Federle",CORPORATE,"UNITED STATES"
MG-17650,"Matthew Grinstein","HOME OFFICE","UNITED STATES"
MG-17680,"Maureen Gastineau","HOME OFFICE","UNITED STATES"
MG-17695,"Maureen Gnade",CONSUMER,"UNITED STATES"
MG-17875,"Michael Grace","HOME OFFICE","UNITED STATES"
MG-17890,"Michael Granlund","HOME OFFICE","UNITED STATES"
MG-18145,"Mike Gockenbach",CONSUMER,"UNITED STATES"
MG-18205,"Mitch Gastineau",CORPORATE,"UNITED STATES"
MH-17290,"Marc Harrigan","HOME OFFICE","UNITED STATES"
MH-17440,"Mark Haberlin",CORPORATE,"UNITED STATES"
MH-17455,"Mark Hamilton",CONSUMER,"UNITED STATES"
MH-17620,"Matt Hagelstein",CORPORATE,"UNITED STATES"
MH-17785,"Maya Herman",CORPORATE,"UNITED STATES"
MH-18025,"Michelle Huthwaite",CONSUMER,"UNITED STATES"
MH-18115,"Mick Hernandez","HOME OFFICE","UNITED STATES"
MJ-17740,"Max Jones",CONSUMER,"UNITED STATES"
MK-17905,"Michael Kennedy",CORPORATE,"UNITED STATES"
MK-18160,"Mike Kennedy",CONSUMER,"UNITED STATES"
ML-17395,"Marina Lichtenstein",CORPORATE,"UNITED STATES"
ML-17410,"Maris LaWare",CONSUMER,"UNITED STATES"
ML-17755,"Max Ludwig","HOME OFFICE","UNITED STATES"
ML-18040,"Michelle Lonsdale",CORPORATE,"UNITED STATES"
ML-18265,"Muhammed Lee",CONSUMER,"UNITED STATES"
MM-17260,"Magdelene Morse",CONSUMER,"UNITED STATES"
MM-17920,"Michael Moore",CONSUMER,"UNITED STATES"
MM-18055,"Michelle Moray",CONSUMER,"UNITED STATES"
MM-18280,"Muhammed MacIntyre",CORPORATE,"UNITED STATES"
MN-17935,"Michael Nguyen",CONSUMER,"UNITED STATES"
MO-17500,"Mary O'Rourke",CONSUMER,"UNITED STATES"
MO-17800,"Meg O'Connel","HOME OFFICE","UNITED STATES"
MO-17950,"Michael Oakman",CONSUMER,"UNITED STATES"
MP-17470,"Mark Packer","HOME OFFICE","UNITED STATES"
MP-17965,"Michael Paige",CORPORATE,"UNITED STATES"
MP-18175,"Mike Pelletier","HOME OFFICE","UNITED STATES"
MR-17545,"Mathew Reese","HOME OFFICE","UNITED STATES"
MS-17365,"Maribeth Schnelling",CONSUMER,"UNITED STATES"
MS-17530,"MaryBeth Skach",CONSUMER,"UNITED STATES"
MS-17710,"Maurice Satty",CONSUMER,"UNITED STATES"
MS-17770,"Maxwell Schwartz",CONSUMER,"UNITED STATES"
MS-17830,"Melanie Seite",CONSUMER,"UNITED STATES"
MS-17980,"Michael Stewart",CORPORATE,"UNITED STATES"
MT-17815,"Meg Tillman",CONSUMER,"UNITED STATES"
MT-18070,"Michelle Tran","HOME OFFICE","UNITED STATES"
MV-17485,"Mark Van Huff",CONSUMER,"UNITED STATES"
MV-18190,"Mike Vittorini",CONSUMER,"UNITED STATES"
MW-18220,"Mitch Webber",CONSUMER,"UNITED STATES"
MW-18235,"Mitch Willingham",CORPORATE,"UNITED STATES"
MY-17380,"Maribeth Yedwab",CORPORATE,"UNITED STATES"
MY-18295,"Muhammed Yedwab",CORPORATE,"UNITED STATES"
MZ-17335,"Maria Zettner","HOME OFFICE","UNITED STATES"
MZ-17515,"Mary Zewe",CORPORATE,"UNITED STATES"
NB-18580,"Nicole Brennan",CORPORATE,"UNITED STATES"
NB-18655,"Nona Balk",CORPORATE,"UNITED STATES"
NC-18340,"Nat Carroll",CONSUMER,"UNITED STATES"
NC-18415,"Nathan Cano",CONSUMER,"UNITED STATES"
NC-18535,"Nick Crebassa",CORPORATE,"UNITED STATES"
NC-18625,"Noah Childs",CORPORATE,"UNITED STATES"
ND-18370,"Natalie DeCherney",CONSUMER,"UNITED STATES"
ND-18460,"Neil Ducich",CORPORATE,"UNITED STATES"
NF-18385,"Natalie Fritzler",CONSUMER,"UNITED STATES"
NF-18475,"Neil Französisch","HOME OFFICE","UNITED STATES"
NF-18595,"Nicole Fjeld","HOME OFFICE","UNITED STATES"
NG-18355,"Nat Gilpin",CORPORATE,"UNITED STATES"
NG-18430,"Nathan Gelder",CONSUMER,"UNITED STATES"
NH-18610,"Nicole Hansen",CORPORATE,"UNITED STATES"
NK-18490,"Neil Knudson","HOME OFFICE","UNITED STATES"
NL-18310,"Nancy Lomonaco","HOME OFFICE","UNITED STATES"
NM-18445,"Nathan Mautz","HOME OFFICE","UNITED STATES"
NM-18520,"Neoma Murray",CONSUMER,"UNITED STATES"
NP-18325,"Naresj Patel",CONSUMER,"UNITED STATES"
NP-18670,"Nora Paige",CONSUMER,"UNITED STATES"
NP-18685,"Nora Pelletier","HOME OFFICE","UNITED STATES"
NP-18700,"Nora Preis",CONSUMER,"UNITED STATES"
NR-18550,"Nick Radford",CONSUMER,"UNITED STATES"
NS-18505,"Neola Schneider",CONSUMER,"UNITED STATES"
NS-18640,"Noel Staavos",CORPORATE,"UNITED STATES"
NW-18400,"Natalie Webber",CONSUMER,"UNITED STATES"
NZ-18565,"Nick Zandusky","HOME OFFICE","UNITED STATES"
ON-18715,"Odella Nelson",CORPORATE,"UNITED STATES"
OT-18730,"Olvera Toch",CONSUMER,"UNITED STATES"
PA-19060,"Pete Armstrong","HOME OFFICE","UNITED STATES"
PB-18805,"Patrick Bzostek","HOME OFFICE","UNITED STATES"
PB-19105,"Peter Bühler",CONSUMER,"UNITED STATES"
PB-19150,"Philip Brown",CONSUMER,"UNITED STATES"
PB-19210,"Phillip Breyer",CORPORATE,"UNITED STATES"
PC-18745,"Pamela Coakley",CORPORATE,"UNITED STATES"
PC-19000,"Pauline Chand","HOME OFFICE","UNITED STATES"
PF-19120,"Peter Fuller",CONSUMER,"UNITED STATES"
PF-19165,"Philip Fox",CONSUMER,"UNITED STATES"
PF-19225,"Phillip Flathmann",CONSUMER,"UNITED STATES"
PG-18820,"Patrick Gardner",CONSUMER,"UNITED STATES"
PG-18895,"Paul Gonzalez",CONSUMER,"UNITED STATES"
PH-18790,"Patricia Hirasaki","HOME OFFICE","UNITED STATES"
PJ-18835,"Patrick Jones",CORPORATE,"UNITED STATES"
PJ-19015,"Pauline Johnson",CONSUMER,"UNITED STATES"
PK-18910,"Paul Knutson","HOME OFFICE","UNITED STATES"
PK-19075,"Pete Kriz",CONSUMER,"UNITED STATES"
PL-18925,"Paul Lucas","HOME OFFICE","UNITED STATES"
PM-18940,"Paul MacIntyre",CONSUMER,"UNITED STATES"
PM-19135,"Peter McVee","HOME OFFICE","UNITED STATES"
PN-18775,"Parhena Norris","HOME OFFICE","UNITED STATES"
PO-18850,"Patrick O'Brill",CONSUMER,"UNITED STATES"
PO-18865,"Patrick O'Donnell",CONSUMER,"UNITED STATES"
PO-19180,"Philisse Overcash","HOME OFFICE","UNITED STATES"
PO-19195,"Phillina Ober","HOME OFFICE","UNITED STATES"
PP-18955,"Paul Prost","HOME OFFICE","UNITED STATES"
PR-18880,"Patrick Ryan",CONSUMER,"UNITED STATES"
PS-18760,"Pamela Stobb",CONSUMER,"UNITED STATES"
PS-18970,"Paul Stevenson","HOME OFFICE","UNITED STATES"
PS-19045,"Penelope Sewall","HOME OFFICE","UNITED STATES"
PT-19090,"Pete Takahito",CONSUMER,"UNITED STATES"
PV-18985,"Paul Van Hugh","HOME OFFICE","UNITED STATES"
PW-19030,"Pauline Webber",CORPORATE,"UNITED STATES"
PW-19240,"Pierre Wener",CONSUMER,"UNITED STATES"
QJ-19255,"Quincy Jones",CORPORATE,"UNITED STATES"
RA-19285,"Ralph Arnett",CONSUMER,"UNITED STATES"
RA-19885,"Ruben Ausman",CORPORATE,"UNITED STATES"
RA-19915,"Russell Applegate",CONSUMER,"UNITED STATES"
RA-19945,"Ryan Akin",CONSUMER,"UNITED STATES"
RB-19330,"Randy Bradley",CONSUMER,"UNITED STATES"
RB-19360,"Raymond Buch",CONSUMER,"UNITED STATES"
RB-19435,"Richard Bierner",CONSUMER,"UNITED STATES"
RB-19465,"Rick Bensley","HOME OFFICE","UNITED STATES"
RB-19570,"Rob Beeghly",CONSUMER,"UNITED STATES"
RB-19645,"Robert Barroso",CORPORATE,"UNITED STATES"
RB-19705,"Roger Barcio","HOME OFFICE","UNITED STATES"
RB-19795,"Ross Baird","HOME OFFICE","UNITED STATES"
RC-19825,"Roy Collins",CONSUMER,"UNITED STATES"
RC-19960,"Ryan Crowe",CONSUMER,"UNITED STATES"
RD-19480,"Rick Duston",CONSUMER,"UNITED STATES"
RD-19585,"Rob Dowd",CONSUMER,"UNITED STATES"
RD-19660,"Robert Dilbeck","HOME OFFICE","UNITED STATES"
RD-19720,"Roger Demir",CONSUMER,"UNITED STATES"
RD-19810,"Ross DeVincentis","HOME OFFICE","UNITED STATES"
RD-19900,"Ruben Dartt",CONSUMER,"UNITED STATES"
RD-19930,"Russell D'Ascenzo",CONSUMER,"UNITED STATES"
RE-19405,"Ricardo Emerson",CONSUMER,"UNITED STATES"
RE-19450,"Richard Eichhorn",CONSUMER,"UNITED STATES"
RF-19345,"Randy Ferguson",CORPORATE,"UNITED STATES"
RF-19735,"Roland Fjeld",CONSUMER,"UNITED STATES"
RF-19840,"Roy Französisch",CONSUMER,"UNITED STATES"
RH-19495,"Rick Hansen",CONSUMER,"UNITED STATES"
RH-19510,"Rick Huthwaite","HOME OFFICE","UNITED STATES"
RH-19555,"Ritsa Hightower",CONSUMER,"UNITED STATES"
RH-19600,"Rob Haberlin",CONSUMER,"UNITED STATES"
RK-19300,"Ralph Kennedy",CONSUMER,"UNITED STATES"
RL-19615,"Rob Lucas",CONSUMER,"UNITED STATES"
RM-19375,"Raymond Messe",CONSUMER,"UNITED STATES"
RM-19675,"Robert Marley","HOME OFFICE","UNITED STATES"
RM-19750,"Roland Murray",CONSUMER,"UNITED STATES"
RO-19780,"Rose O'Brian",CONSUMER,"UNITED STATES"
RP-19270,"Rachel Payne",CORPORATE,"UNITED STATES"
RP-19390,"Resi Pölking",CONSUMER,"UNITED STATES"
RP-19855,"Roy Phan",CORPORATE,"UNITED STATES"
RR-19315,"Ralph Ritter",CONSUMER,"UNITED STATES"
RR-19525,"Rick Reed",CORPORATE,"UNITED STATES"
RS-19420,"Ricardo Sperren",CORPORATE,"UNITED STATES"
RS-19765,"Roland Schwarz",CORPORATE,"UNITED STATES"
RS-19870,"Roy Skaria","HOME OFFICE","UNITED STATES"
RW-19540,"Rick Wilson",CORPORATE,"UNITED STATES"
RW-19630,"Rob Williams",CORPORATE,"UNITED STATES"
RW-19690,"Robert Waldorf",CONSUMER,"UNITED STATES"
SA-20830,"Sue Ann Reed",CONSUMER,"UNITED STATES"
SB-20170,"Sarah Bern",CONSUMER,"UNITED STATES"
SB-20185,"Sarah Brown",CONSUMER,"UNITED STATES"
SB-20290,"Sean Braxton",CORPORATE,"UNITED STATES"
SC-20020,"Sam Craven",CONSUMER,"UNITED STATES"
SC-20050,"Sample Company A","HOME OFFICE","UNITED STATES"
SC-20095,"Sanjit Chand",CONSUMER,"UNITED STATES"
SC-20230,"Scot Coram",CORPORATE,"UNITED STATES"
SC-20260,"Scott Cohen",CORPORATE,"UNITED STATES"
SC-20305,"Sean Christensen",CONSUMER,"UNITED STATES"
SC-20380,"Shahid Collister",CONSUMER,"UNITED STATES"
SC-20440,"Shaun Chance",CORPORATE,"UNITED STATES"
SC-20575,"Sonia Cooley",CONSUMER,"UNITED STATES"
SC-20680,"Steve Carroll","HOME OFFICE","UNITED STATES"
SC-20695,"Steve Chapman",CORPORATE,"UNITED STATES"
SC-20725,"Steven Cartwright",CONSUMER,"UNITED STATES"
SC-20770,"Stewart Carmichael",CORPORATE,"UNITED STATES"
SC-20800,"Stuart Calhoun",CONSUMER,"UNITED STATES"
SC-20845,"Sung Chung",CONSUMER,"UNITED STATES"
SD-20485,"Shirley Daniels","HOME OFFICE","UNITED STATES"
SE-20110,"Sanjit Engle",CONSUMER,"UNITED STATES"
SF-20065,"Sandra Flanagan",CONSUMER,"UNITED STATES"
SF-20200,"Sarah Foster",CONSUMER,"UNITED STATES"
SF-20965,"Sylvia Foulston",CORPORATE,"UNITED STATES"
SG-20080,"Sandra Glassco",CONSUMER,"UNITED STATES"
SG-20470,"Sheri Gordon",CONSUMER,"UNITED STATES"
SG-20605,"Speros Goranitis",CONSUMER,"UNITED STATES"
SG-20890,"Susan Gilcrest",CORPORATE,"UNITED STATES"
SH-19975,"Sally Hughsby",CORPORATE,"UNITED STATES"
SH-20395,"Shahid Hopkins",CONSUMER,"UNITED STATES"
SH-20635,"Stefanie Holloman",CORPORATE,"UNITED STATES"
SJ-20125,"Sanjit Jacobs","HOME OFFICE","UNITED STATES"
SJ-20215,"Sarah Jordon",CONSUMER,"UNITED STATES"
SJ-20500,"Shirley Jackson",CONSUMER,"UNITED STATES"
SK-19990,"Sally Knutson",CONSUMER,"UNITED STATES"
SL-20155,"Sara Luxemburg","HOME OFFICE","UNITED STATES"
SM-20005,"Sally Matthias",CONSUMER,"UNITED STATES"
SM-20320,"Sean Miller","HOME OFFICE","UNITED STATES"
SM-20905,"Susan MacKendrick",CONSUMER,"UNITED STATES"
SM-20950,"Suzanne McNair",CORPORATE,"UNITED STATES"
SN-20560,"Skye Norling","HOME OFFICE","UNITED STATES"
SN-20710,"Steve Nguyen","HOME OFFICE","UNITED STATES"
SO-20335,"Sean O'Donnell",CONSUMER,"UNITED STATES"
SP-20545,"Sibella Parks",CORPORATE,"UNITED STATES"
SP-20620,"Stefania Perrino",CORPORATE,"UNITED STATES"
SP-20650,"Stephanie Phelps",CORPORATE,"UNITED STATES"
SP-20860,"Sung Pak",CORPORATE,"UNITED STATES"
SP-20920,"Susan Pistek",CONSUMER,"UNITED STATES"
SR-20425,"Sharelle Roach","HOME OFFICE","UNITED STATES"
SR-20740,"Steven Roelle","HOME OFFICE","UNITED STATES"
SS-20140,"Saphhira Shifley",CORPORATE,"UNITED STATES"
SS-20410,"Shahid Shariari",CONSUMER,"UNITED STATES"
SS-20515,"Shirley Schmidt","HOME OFFICE","UNITED STATES"
SS-20590,"Sonia Sunley",CONSUMER,"UNITED STATES"
SS-20875,"Sung Shariari",CONSUMER,"UNITED STATES"
ST-20530,"Shui Tom",CONSUMER,"UNITED STATES"
SU-20665,"Stephanie Ulpright","HOME OFFICE","UNITED STATES"
SV-20365,"Seth Vernon",CONSUMER,"UNITED STATES"
SV-20785,"Stewart Visinsky",CONSUMER,"UNITED STATES"
SV-20815,"Stuart Van",CORPORATE,"UNITED STATES"
SV-20935,"Susan Vittorini",CONSUMER,"UNITED STATES"
SW-20245,"Scot Wooten",CONSUMER,"UNITED STATES"
SW-20275,"Scott Williamson",CONSUMER,"UNITED STATES"
SW-20350,"Sean Wendt","HOME OFFICE","UNITED STATES"
SW-20455,"Shaun Weien",CONSUMER,"UNITED STATES"
SW-20755,"Steven Ward",CORPORATE,"UNITED STATES"
SZ-20035,"Sam Zeldin","HOME OFFICE","UNITED STATES"
TA-21385,"Tom Ashbrook","HOME OFFICE","UNITED STATES"
TB-21055,"Ted Butterfield",CONSUMER,"UNITED STATES"
TB-21175,"Thomas Boland",CORPORATE,"UNITED STATES"
TB-21190,"Thomas Brumley","HOME OFFICE","UNITED STATES"
TB-21250,"Tim Brockman",CONSUMER,"UNITED STATES"
TB-21280,"Toby Braunhardt",CONSUMER,"UNITED STATES"
TB-21355,"Todd Boyes",CORPORATE,"UNITED STATES"
TB-21400,"Tom Boeckenhauer",CONSUMER,"UNITED STATES"
TB-21520,"Tracy Blumstein",CONSUMER,"UNITED STATES"
TB-21595,"Troy Blackwell",CONSUMER,"UNITED STATES"
TB-21625,"Trudy Brown",CONSUMER,"UNITED STATES"
TC-20980,"Tamara Chand",CORPORATE,"UNITED STATES"
TC-21145,"Theresa Coyne",CORPORATE,"UNITED STATES"
TC-21295,"Toby Carlisle",CONSUMER,"UNITED STATES"
TC-21475,"Tony Chapman","HOME OFFICE","UNITED STATES"
TC-21535,"Tracy Collins","HOME OFFICE","UNITED STATES"
TD-20995,"Tamara Dahlen",CONSUMER,"UNITED STATES"
TG-21310,"Toby Gnade",CONSUMER,"UNITED STATES"
TG-21640,"Trudy Glocke",CONSUMER,"UNITED STATES"
TH-21100,"Thea Hendricks",CONSUMER,"UNITED STATES"
TH-21115,"Thea Hudgings",CORPORATE,"UNITED STATES"
TH-21235,"Tiffany House",CORPORATE,"UNITED STATES"
TH-21550,"Tracy Hopkins","HOME OFFICE","UNITED STATES"
TM-21010,"Tamara Manning",CONSUMER,"UNITED STATES"
TM-21490,"Tony Molinari",CONSUMER,"UNITED STATES"
TN-21040,"Tanja Norvell","HOME OFFICE","UNITED STATES"
TP-21130,"Theone Pippenger",CONSUMER,"UNITED STATES"
TP-21415,"Tom Prescott",CONSUMER,"UNITED STATES"
TP-21565,"Tracy Poddar",CORPORATE,"UNITED STATES"
TR-21325,"Toby Ritter",CONSUMER,"UNITED STATES"
TS-21085,"Thais Sissman",CONSUMER,"UNITED STATES"
TS-21160,"Theresa Swint",CORPORATE,"UNITED STATES"
TS-21205,"Thomas Seio",CORPORATE,"UNITED STATES"
TS-21340,"Toby Swindell",CONSUMER,"UNITED STATES"
TS-21370,"Todd Sumrall",CORPORATE,"UNITED STATES"
TS-21430,"Tom Stivers",CORPORATE,"UNITED STATES"
TS-21505,"Tony Sayre",CONSUMER,"UNITED STATES"
TS-21610,"Troy Staebel",CONSUMER,"UNITED STATES"
TS-21655,"Trudy Schmidt",CONSUMER,"UNITED STATES"
TT-21070,"Ted Trevino",CONSUMER,"UNITED STATES"
TT-21220,"Thomas Thornton",CONSUMER,"UNITED STATES"
TT-21265,"Tim Taslimi",CORPORATE,"UNITED STATES"
TT-21460,"Tonja Turnell","HOME OFFICE","UNITED STATES"
TW-21025,"Tamara Willingham","HOME OFFICE","UNITED STATES"
TZ-21580,"Tracy Zic",CONSUMER,"UNITED STATES"
VB-21745,"Victoria Brennan",CORPORATE,"UNITED STATES"
VD-21670,"Valerie Dominguez",CONSUMER,"UNITED STATES"
VF-21715,"Vicky Freymann","HOME OFFICE","UNITED STATES"
VG-21790,"Vivek Gonzalez",CONSUMER,"UNITED STATES"
VG-21805,"Vivek Grady",CORPORATE,"UNITED STATES"
VM-21685,"Valerie Mitchum","HOME OFFICE","UNITED STATES"
VM-21835,"Vivian Mathis",CONSUMER,"UNITED STATES"
VP-21730,"Victor Preis","HOME OFFICE","UNITED STATES"
VP-21760,"Victoria Pisteka",CORPORATE,"UNITED STATES"
VS-21820,"Vivek Sundaresam",CONSUMER,"UNITED STATES"
VT-21700,"Valerie Takahito","HOME OFFICE","UNITED STATES"
VW-21775,"Victoria Wilson",CORPORATE,"UNITED STATES"
WB-21850,"William Brown",CONSUMER,"UNITED STATES"
XP-21865,"Xylona Preis",CONSUMER,"UNITED STATES"
YC-21895,"Yoseph Carroll",CORPORATE,"UNITED STATES"
YS-21880,"Yana Sorensen",CORPORATE,"UNITED STATES"
ZC-21910,"Zuschuss Carroll",CONSUMER,"UNITED STATES"
ZD-21925,"Zuschuss Donatelli",CONSUMER,"UNITED STATES"
